<?xml version="1.0" encoding="UTF-8"?>
<beans xmlns="http://www.springframework.org/schema/beans"
       xmlns:context="http://www.springframework.org/schema/context"
       xmlns:xsi="http://www.w3.org/2001/XMLSchema-instance" xmlns:tx="http://www.springframework.org/schema/tx"
       xsi:schemaLocation="http://www.springframework.org/schema/beans
   http://www.springframework.org/schema/beans/spring-beans-3.0.xsd
   http://www.springframework.org/schema/context
   http://www.springframework.org/schema/context/spring-context-3.0.xsd http://www.springframework.org/schema/tx http://www.springframework.org/schema/tx/spring-tx.xsd">

	<context:component-scan base-package="jbr.springmvc" />
	<context:annotation-config />

    <bean class="org.springframework.web.servlet.view.InternalResourceViewResolver">
        <property name="prefix" value="/jsp/" />
        <property name="suffix" value=".jsp" />
    </bean>

	<bean id="jdbcTemplate" class="org.springframework.jdbc.core.JdbcTemplate">
		<property name="dataSource" ref="datasource" />
	</bean>

	<!--<bean id="datasource"
		class="org.springframework.jdbc.datasource.DriverManagerDataSource">
		<property name="driverClassName" value="com.mysql.jdbc.Driver" />
		<property name="url" value="jdbc:mysql://localhost:3306/myusers" />
		<property name="username" value="root" />
		<property name="password" value="root" />
	</bean>-->

    <bean id="datasource"
          class="org.springframework.jdbc.datasource.DriverManagerDataSource">
        <property name="driverClassName" value="oracle.jdbc.driver.OracleDriver" />
        <property name="url" value="jdbc:oracle:thin:@usadc-sdbxt21.quintiles.net:1521:ospltdev" />
        <property name="username" value="dev_osmts1" />
        <property name="password" value="devosmts1" />
    </bean>

    <!-- Hibernate 4 SessionFactory Bean definition -->
    <bean id="hibernate4AnnotatedSessionFactory"
                class="org.springframework.orm.hibernate4.LocalSessionFactoryBean">
        <property name="dataSource" ref="datasource" />
        <property name="annotatedClasses">
            <list>
                <value>jbr.springmvc.model.Person</value>
            </list>
        </property>
        <property name="hibernateProperties">
            <props>
                <prop key="hibernate.dialect">org.hibernate.dialect.Oracle10gDialect</prop>
                <prop key="hibernate.show_sql">true</prop>
            </props>
        </property>
    </bean>

    <bean id="userService" class="jbr.springmvc.service.UserServiceImpl"/>
    <bean id="userDao" class="jbr.springmvc.dao.UserDaoImpl" />
    <bean id="personDAO" class="jbr.springmvc.dao.PersonDAOImpl">
        <property name="sessionFactory" ref="hibernate4AnnotatedSessionFactory" />
    </bean>
    <bean id="personService" class="jbr.springmvc.service.PersonServiceImpl">
        <property name="personDAO" ref="personDAO"/>
    </bean>

    <tx:annotation-driven transaction-manager="transactionManager"/>

    <bean id="transactionManager" class="org.springframework.orm.hibernate4.HibernateTransactionManager">
        <property name="sessionFactory" ref="hibernate4AnnotatedSessionFactory" />
    </bean>


</beans>
